<annotation>
	<folder>train</folder>
	<filename>1.PNG</filename>
	<path>C:\Users\partha\Desktop\yolo project\new try\train\images\train\1.PNG</path>
	<source>
		<database>Unknown</database>
	</source>
	<size>
		<width>504</width>
		<height>500</height>
		<depth>3</depth>
	</size>
	<segmented>0</segmented>
	<object>
		<name>signature</name>
		<pose>Unspecified</pose>
		<truncated>0</truncated>
		<difficult>0</difficult>
		<bndbox>
			<xmin>132</xmin>
			<ymin>186</ymin>
			<xmax>294</xmax>
			<ymax>253</ymax>
		</bndbox>
	</object>
</annotation>
