<annotation>
	<folder>train</folder>
	<filename>10.PNG</filename>
	<path>C:\Users\partha\Desktop\yolo project\new try\train\images\train\10.PNG</path>
	<source>
		<database>Unknown</database>
	</source>
	<size>
		<width>419</width>
		<height>363</height>
		<depth>3</depth>
	</size>
	<segmented>0</segmented>
	<object>
		<name>signature</name>
		<pose>Unspecified</pose>
		<truncated>0</truncated>
		<difficult>0</difficult>
		<bndbox>
			<xmin>17</xmin>
			<ymin>89</ymin>
			<xmax>127</xmax>
			<ymax>138</ymax>
		</bndbox>
	</object>
</annotation>
