<annotation>
	<folder>train</folder>
	<filename>11.PNG</filename>
	<path>C:\Users\partha\Desktop\yolo project\new try\train\images\train\11.PNG</path>
	<source>
		<database>Unknown</database>
	</source>
	<size>
		<width>410</width>
		<height>363</height>
		<depth>3</depth>
	</size>
	<segmented>0</segmented>
	<object>
		<name>signature</name>
		<pose>Unspecified</pose>
		<truncated>0</truncated>
		<difficult>0</difficult>
		<bndbox>
			<xmin>24</xmin>
			<ymin>207</ymin>
			<xmax>133</xmax>
			<ymax>249</ymax>
		</bndbox>
	</object>
</annotation>
