<annotation>
	<folder>train</folder>
	<filename>13.PNG</filename>
	<path>C:\Users\partha\Desktop\yolo project\new try\train\images\train\13.PNG</path>
	<source>
		<database>Unknown</database>
	</source>
	<size>
		<width>398</width>
		<height>410</height>
		<depth>3</depth>
	</size>
	<segmented>0</segmented>
	<object>
		<name>signature</name>
		<pose>Unspecified</pose>
		<truncated>0</truncated>
		<difficult>0</difficult>
		<bndbox>
			<xmin>23</xmin>
			<ymin>94</ymin>
			<xmax>158</xmax>
			<ymax>146</ymax>
		</bndbox>
	</object>
</annotation>
