<annotation>
	<folder>train</folder>
	<filename>14.PNG</filename>
	<path>C:\Users\partha\Desktop\yolo project\new try\train\images\train\14.PNG</path>
	<source>
		<database>Unknown</database>
	</source>
	<size>
		<width>410</width>
		<height>468</height>
		<depth>3</depth>
	</size>
	<segmented>0</segmented>
	<object>
		<name>signature</name>
		<pose>Unspecified</pose>
		<truncated>0</truncated>
		<difficult>0</difficult>
		<bndbox>
			<xmin>192</xmin>
			<ymin>196</ymin>
			<xmax>316</xmax>
			<ymax>300</ymax>
		</bndbox>
	</object>
</annotation>
