<annotation>
	<folder>train</folder>
	<filename>15.PNG</filename>
	<path>C:\Users\partha\Desktop\yolo project\new try\train\images\train\15.PNG</path>
	<source>
		<database>Unknown</database>
	</source>
	<size>
		<width>426</width>
		<height>330</height>
		<depth>3</depth>
	</size>
	<segmented>0</segmented>
	<object>
		<name>signature</name>
		<pose>Unspecified</pose>
		<truncated>0</truncated>
		<difficult>0</difficult>
		<bndbox>
			<xmin>134</xmin>
			<ymin>43</ymin>
			<xmax>250</xmax>
			<ymax>151</ymax>
		</bndbox>
	</object>
</annotation>
