<annotation>
	<folder>train</folder>
	<filename>16.PNG</filename>
	<path>C:\Users\partha\Desktop\yolo project\new try\train\images\train\16.PNG</path>
	<source>
		<database>Unknown</database>
	</source>
	<size>
		<width>434</width>
		<height>448</height>
		<depth>3</depth>
	</size>
	<segmented>0</segmented>
	<object>
		<name>signature</name>
		<pose>Unspecified</pose>
		<truncated>0</truncated>
		<difficult>0</difficult>
		<bndbox>
			<xmin>19</xmin>
			<ymin>138</ymin>
			<xmax>276</xmax>
			<ymax>304</ymax>
		</bndbox>
	</object>
</annotation>
