<annotation>
	<folder>train</folder>
	<filename>17.PNG</filename>
	<path>C:\Users\partha\Desktop\yolo project\new try\train\images\train\17.PNG</path>
	<source>
		<database>Unknown</database>
	</source>
	<size>
		<width>444</width>
		<height>528</height>
		<depth>3</depth>
	</size>
	<segmented>0</segmented>
	<object>
		<name>signature</name>
		<pose>Unspecified</pose>
		<truncated>0</truncated>
		<difficult>0</difficult>
		<bndbox>
			<xmin>21</xmin>
			<ymin>277</ymin>
			<xmax>295</xmax>
			<ymax>449</ymax>
		</bndbox>
	</object>
</annotation>
