<annotation>
	<folder>train</folder>
	<filename>18.PNG</filename>
	<path>C:\Users\partha\Desktop\yolo project\new try\train\images\train\18.PNG</path>
	<source>
		<database>Unknown</database>
	</source>
	<size>
		<width>426</width>
		<height>411</height>
		<depth>3</depth>
	</size>
	<segmented>0</segmented>
	<object>
		<name>signature</name>
		<pose>Unspecified</pose>
		<truncated>0</truncated>
		<difficult>0</difficult>
		<bndbox>
			<xmin>11</xmin>
			<ymin>226</ymin>
			<xmax>316</xmax>
			<ymax>293</ymax>
		</bndbox>
	</object>
</annotation>
