<annotation>
	<folder>train</folder>
	<filename>19.PNG</filename>
	<path>C:\Users\partha\Desktop\yolo project\new try\train\images\train\19.PNG</path>
	<source>
		<database>Unknown</database>
	</source>
	<size>
		<width>420</width>
		<height>306</height>
		<depth>3</depth>
	</size>
	<segmented>0</segmented>
	<object>
		<name>signature</name>
		<pose>Unspecified</pose>
		<truncated>0</truncated>
		<difficult>0</difficult>
		<bndbox>
			<xmin>19</xmin>
			<ymin>62</ymin>
			<xmax>298</xmax>
			<ymax>130</ymax>
		</bndbox>
	</object>
</annotation>
