<annotation>
	<folder>train</folder>
	<filename>2.PNG</filename>
	<path>C:\Users\partha\Desktop\yolo project\new try\train\images\train\2.PNG</path>
	<source>
		<database>Unknown</database>
	</source>
	<size>
		<width>527</width>
		<height>561</height>
		<depth>3</depth>
	</size>
	<segmented>0</segmented>
	<object>
		<name>signature</name>
		<pose>Unspecified</pose>
		<truncated>0</truncated>
		<difficult>0</difficult>
		<bndbox>
			<xmin>35</xmin>
			<ymin>437</ymin>
			<xmax>153</xmax>
			<ymax>550</ymax>
		</bndbox>
	</object>
</annotation>
