<annotation>
	<folder>train</folder>
	<filename>20.PNG</filename>
	<path>C:\Users\partha\Desktop\yolo project\new try\train\images\train\20.PNG</path>
	<source>
		<database>Unknown</database>
	</source>
	<size>
		<width>413</width>
		<height>462</height>
		<depth>3</depth>
	</size>
	<segmented>0</segmented>
	<object>
		<name>signature</name>
		<pose>Unspecified</pose>
		<truncated>0</truncated>
		<difficult>0</difficult>
		<bndbox>
			<xmin>7</xmin>
			<ymin>353</ymin>
			<xmax>138</xmax>
			<ymax>399</ymax>
		</bndbox>
	</object>
</annotation>
