<annotation>
	<folder>train</folder>
	<filename>21.PNG</filename>
	<path>C:\Users\partha\Desktop\yolo project\new try\train\images\train\21.PNG</path>
	<source>
		<database>Unknown</database>
	</source>
	<size>
		<width>476</width>
		<height>351</height>
		<depth>3</depth>
	</size>
	<segmented>0</segmented>
	<object>
		<name>signature</name>
		<pose>Unspecified</pose>
		<truncated>0</truncated>
		<difficult>0</difficult>
		<bndbox>
			<xmin>235</xmin>
			<ymin>104</ymin>
			<xmax>359</xmax>
			<ymax>162</ymax>
		</bndbox>
	</object>
</annotation>
