<annotation>
	<folder>train</folder>
	<filename>22.PNG</filename>
	<path>C:\Users\partha\Desktop\yolo project\new try\train\images\train\22.PNG</path>
	<source>
		<database>Unknown</database>
	</source>
	<size>
		<width>435</width>
		<height>343</height>
		<depth>3</depth>
	</size>
	<segmented>0</segmented>
	<object>
		<name>signature</name>
		<pose>Unspecified</pose>
		<truncated>0</truncated>
		<difficult>0</difficult>
		<bndbox>
			<xmin>42</xmin>
			<ymin>61</ymin>
			<xmax>178</xmax>
			<ymax>109</ymax>
		</bndbox>
	</object>
</annotation>
