<annotation>
	<folder>train</folder>
	<filename>23.PNG</filename>
	<path>C:\Users\partha\Desktop\yolo project\new try\train\images\train\23.PNG</path>
	<source>
		<database>Unknown</database>
	</source>
	<size>
		<width>450</width>
		<height>360</height>
		<depth>3</depth>
	</size>
	<segmented>0</segmented>
	<object>
		<name>signature</name>
		<pose>Unspecified</pose>
		<truncated>0</truncated>
		<difficult>0</difficult>
		<bndbox>
			<xmin>43</xmin>
			<ymin>215</ymin>
			<xmax>177</xmax>
			<ymax>264</ymax>
		</bndbox>
	</object>
</annotation>
