<annotation>
	<folder>train</folder>
	<filename>24.PNG</filename>
	<path>C:\Users\partha\Desktop\yolo project\new try\train\images\train\24.PNG</path>
	<source>
		<database>Unknown</database>
	</source>
	<size>
		<width>452</width>
		<height>383</height>
		<depth>3</depth>
	</size>
	<segmented>0</segmented>
	<object>
		<name>signature</name>
		<pose>Unspecified</pose>
		<truncated>0</truncated>
		<difficult>0</difficult>
		<bndbox>
			<xmin>178</xmin>
			<ymin>119</ymin>
			<xmax>327</xmax>
			<ymax>182</ymax>
		</bndbox>
	</object>
</annotation>
