<annotation>
	<folder>train</folder>
	<filename>25.PNG</filename>
	<path>C:\Users\partha\Desktop\yolo project\new try\train\images\train\25.PNG</path>
	<source>
		<database>Unknown</database>
	</source>
	<size>
		<width>410</width>
		<height>412</height>
		<depth>3</depth>
	</size>
	<segmented>0</segmented>
	<object>
		<name>signature</name>
		<pose>Unspecified</pose>
		<truncated>0</truncated>
		<difficult>0</difficult>
		<bndbox>
			<xmin>31</xmin>
			<ymin>309</ymin>
			<xmax>189</xmax>
			<ymax>382</ymax>
		</bndbox>
	</object>
</annotation>
