<annotation>
	<folder>train</folder>
	<filename>26.PNG</filename>
	<path>C:\Users\partha\Desktop\yolo project\new try\train\images\train\26.PNG</path>
	<source>
		<database>Unknown</database>
	</source>
	<size>
		<width>447</width>
		<height>357</height>
		<depth>3</depth>
	</size>
	<segmented>0</segmented>
	<object>
		<name>signature</name>
		<pose>Unspecified</pose>
		<truncated>0</truncated>
		<difficult>0</difficult>
		<bndbox>
			<xmin>34</xmin>
			<ymin>20</ymin>
			<xmax>225</xmax>
			<ymax>99</ymax>
		</bndbox>
	</object>
</annotation>
