<annotation>
	<folder>train</folder>
	<filename>27.PNG</filename>
	<path>C:\Users\partha\Desktop\yolo project\new try\train\images\train\27.PNG</path>
	<source>
		<database>Unknown</database>
	</source>
	<size>
		<width>422</width>
		<height>406</height>
		<depth>3</depth>
	</size>
	<segmented>0</segmented>
	<object>
		<name>signature</name>
		<pose>Unspecified</pose>
		<truncated>0</truncated>
		<difficult>0</difficult>
		<bndbox>
			<xmin>137</xmin>
			<ymin>265</ymin>
			<xmax>317</xmax>
			<ymax>339</ymax>
		</bndbox>
	</object>
</annotation>
