<annotation>
	<folder>train</folder>
	<filename>28.PNG</filename>
	<path>C:\Users\partha\Desktop\yolo project\new try\train\images\train\28.PNG</path>
	<source>
		<database>Unknown</database>
	</source>
	<size>
		<width>435</width>
		<height>328</height>
		<depth>3</depth>
	</size>
	<segmented>0</segmented>
	<object>
		<name>signature</name>
		<pose>Unspecified</pose>
		<truncated>0</truncated>
		<difficult>0</difficult>
		<bndbox>
			<xmin>133</xmin>
			<ymin>32</ymin>
			<xmax>310</xmax>
			<ymax>110</ymax>
		</bndbox>
	</object>
</annotation>
