<annotation>
	<folder>train</folder>
	<filename>29.PNG</filename>
	<path>C:\Users\partha\Desktop\yolo project\new try\train\images\train\29.PNG</path>
	<source>
		<database>Unknown</database>
	</source>
	<size>
		<width>434</width>
		<height>445</height>
		<depth>3</depth>
	</size>
	<segmented>0</segmented>
	<object>
		<name>signature</name>
		<pose>Unspecified</pose>
		<truncated>0</truncated>
		<difficult>0</difficult>
		<bndbox>
			<xmin>28</xmin>
			<ymin>234</ymin>
			<xmax>216</xmax>
			<ymax>320</ymax>
		</bndbox>
	</object>
</annotation>
