<annotation>
	<folder>train</folder>
	<filename>3.PNG</filename>
	<path>C:\Users\partha\Desktop\yolo project\new try\train\images\train\3.PNG</path>
	<source>
		<database>Unknown</database>
	</source>
	<size>
		<width>541</width>
		<height>569</height>
		<depth>3</depth>
	</size>
	<segmented>0</segmented>
	<object>
		<name>signature</name>
		<pose>Unspecified</pose>
		<truncated>0</truncated>
		<difficult>0</difficult>
		<bndbox>
			<xmin>76</xmin>
			<ymin>77</ymin>
			<xmax>187</xmax>
			<ymax>197</ymax>
		</bndbox>
	</object>
</annotation>
