<annotation>
	<folder>train</folder>
	<filename>30.PNG</filename>
	<path>C:\Users\partha\Desktop\yolo project\new try\train\images\train\30.PNG</path>
	<source>
		<database>Unknown</database>
	</source>
	<size>
		<width>423</width>
		<height>288</height>
		<depth>3</depth>
	</size>
	<segmented>0</segmented>
	<object>
		<name>signature</name>
		<pose>Unspecified</pose>
		<truncated>0</truncated>
		<difficult>0</difficult>
		<bndbox>
			<xmin>116</xmin>
			<ymin>72</ymin>
			<xmax>221</xmax>
			<ymax>111</ymax>
		</bndbox>
	</object>
</annotation>
