<annotation>
	<folder>train</folder>
	<filename>31.PNG</filename>
	<path>C:\Users\partha\Desktop\yolo project\new try\train\images\train\31.PNG</path>
	<source>
		<database>Unknown</database>
	</source>
	<size>
		<width>438</width>
		<height>376</height>
		<depth>3</depth>
	</size>
	<segmented>0</segmented>
	<object>
		<name>signature</name>
		<pose>Unspecified</pose>
		<truncated>0</truncated>
		<difficult>0</difficult>
		<bndbox>
			<xmin>278</xmin>
			<ymin>278</ymin>
			<xmax>387</xmax>
			<ymax>313</ymax>
		</bndbox>
	</object>
</annotation>
