<annotation>
	<folder>train</folder>
	<filename>32.PNG</filename>
	<path>C:\Users\partha\Desktop\yolo project\new try\train\images\train\32.PNG</path>
	<source>
		<database>Unknown</database>
	</source>
	<size>
		<width>448</width>
		<height>356</height>
		<depth>3</depth>
	</size>
	<segmented>0</segmented>
	<object>
		<name>signature</name>
		<pose>Unspecified</pose>
		<truncated>1</truncated>
		<difficult>0</difficult>
		<bndbox>
			<xmin>116</xmin>
			<ymin>1</ymin>
			<xmax>218</xmax>
			<ymax>71</ymax>
		</bndbox>
	</object>
</annotation>
