<annotation>
	<folder>train</folder>
	<filename>4.PNG</filename>
	<path>C:\Users\partha\Desktop\yolo project\new try\train\images\train\4.PNG</path>
	<source>
		<database>Unknown</database>
	</source>
	<size>
		<width>508</width>
		<height>456</height>
		<depth>3</depth>
	</size>
	<segmented>0</segmented>
	<object>
		<name>signature</name>
		<pose>Unspecified</pose>
		<truncated>0</truncated>
		<difficult>0</difficult>
		<bndbox>
			<xmin>29</xmin>
			<ymin>356</ymin>
			<xmax>118</xmax>
			<ymax>438</ymax>
		</bndbox>
	</object>
</annotation>
