<annotation>
	<folder>train</folder>
	<filename>5.PNG</filename>
	<path>C:\Users\partha\Desktop\yolo project\new try\train\images\train\5.PNG</path>
	<source>
		<database>Unknown</database>
	</source>
	<size>
		<width>498</width>
		<height>407</height>
		<depth>3</depth>
	</size>
	<segmented>0</segmented>
	<object>
		<name>signature</name>
		<pose>Unspecified</pose>
		<truncated>0</truncated>
		<difficult>0</difficult>
		<bndbox>
			<xmin>243</xmin>
			<ymin>131</ymin>
			<xmax>335</xmax>
			<ymax>200</ymax>
		</bndbox>
	</object>
</annotation>
