<annotation>
	<folder>train</folder>
	<filename>6.PNG</filename>
	<path>C:\Users\partha\Desktop\yolo project\new try\train\images\train\6.PNG</path>
	<source>
		<database>Unknown</database>
	</source>
	<size>
		<width>400</width>
		<height>294</height>
		<depth>3</depth>
	</size>
	<segmented>0</segmented>
	<object>
		<name>signature</name>
		<pose>Unspecified</pose>
		<truncated>0</truncated>
		<difficult>0</difficult>
		<bndbox>
			<xmin>16</xmin>
			<ymin>125</ymin>
			<xmax>75</xmax>
			<ymax>169</ymax>
		</bndbox>
	</object>
</annotation>
