<annotation>
	<folder>train</folder>
	<filename>7.PNG</filename>
	<path>C:\Users\partha\Desktop\yolo project\new try\train\images\train\7.PNG</path>
	<source>
		<database>Unknown</database>
	</source>
	<size>
		<width>434</width>
		<height>288</height>
		<depth>3</depth>
	</size>
	<segmented>0</segmented>
	<object>
		<name>signature</name>
		<pose>Unspecified</pose>
		<truncated>0</truncated>
		<difficult>0</difficult>
		<bndbox>
			<xmin>107</xmin>
			<ymin>189</ymin>
			<xmax>167</xmax>
			<ymax>228</ymax>
		</bndbox>
	</object>
</annotation>
