<annotation>
	<folder>train</folder>
	<filename>8.PNG</filename>
	<path>C:\Users\partha\Desktop\yolo project\new try\train\images\train\8.PNG</path>
	<source>
		<database>Unknown</database>
	</source>
	<size>
		<width>443</width>
		<height>385</height>
		<depth>3</depth>
	</size>
	<segmented>0</segmented>
	<object>
		<name>signature</name>
		<pose>Unspecified</pose>
		<truncated>0</truncated>
		<difficult>0</difficult>
		<bndbox>
			<xmin>32</xmin>
			<ymin>147</ymin>
			<xmax>170</xmax>
			<ymax>197</ymax>
		</bndbox>
	</object>
</annotation>
