<annotation>
	<folder>train</folder>
	<filename>9.PNG</filename>
	<path>C:\Users\partha\Desktop\yolo project\new try\train\images\train\9.PNG</path>
	<source>
		<database>Unknown</database>
	</source>
	<size>
		<width>407</width>
		<height>381</height>
		<depth>3</depth>
	</size>
	<segmented>0</segmented>
	<object>
		<name>signature</name>
		<pose>Unspecified</pose>
		<truncated>0</truncated>
		<difficult>0</difficult>
		<bndbox>
			<xmin>92</xmin>
			<ymin>39</ymin>
			<xmax>208</xmax>
			<ymax>80</ymax>
		</bndbox>
	</object>
</annotation>
